{"train loss": 2.1779409215158347, "valid loss": 2.1586854944423752, "learning rate": 0.0001, "min loss": 2.054907667393587, "_timestamp": 1692326210.8731923, "_runtime": 4937.196100234985, "_step": 231}