{"train loss": 0.5001941902600989, "valid loss": 0.5432098513963272, "learning rate": 0.0001, "min loss": 0.5188124453534886, "_timestamp": 1692403710.2837036, "_runtime": 3796.6256165504456, "_step": 394}