{"train loss": [0.06704134388826788, 0.052862102957442404, 0.05396619271021336, 0.04468146833125502, 0.043326241318136456, 0.041933056758716704, 0.040378504609689114, 0.042988870688714084, 0.039682684815488756, 0.03895589577499777, 0.038094023745507, 0.039623562963679436, 0.03542619625339285, 0.03487099793739617, 0.0345711536728777, 0.03442026620265096, 0.034128395249135794, 0.033912813938222826, 0.03373317863093689, 0.033585969770792874, 0.033469678631518035, 0.033258876237086954, 0.03304315998917445, 0.03294699484249577, 0.032601777845993635, 0.032501488353591415, 0.03249450541334227, 0.03244607104221359, 0.03244871995644644, 0.032443315098062156, 0.03239747688174248, 0.0323623391170986, 0.032345823927316816, 0.03233785800402984, 0.03232210050104186, 0.03230475178454071, 0.03224651852622628, 0.03225272473879159, 0.032260697565507146, 0.032230936284177, 0.0322598069650121, 0.03224939993815497, 0.03223411512793973, 0.03223491032375023, 0.03223992186132819, 0.03223209067480639, 0.03222232379252091, 0.03222030945355073, 0.03223527522524819, 0.03222017705440521, 0.03221806023735553, 0.032227542172186076, 0.03221020376775414, 0.03220737279392779], "test loss": [0.05665016256272793, 0.04701740706339479, 0.053561524078249934, 0.049557839911431076, 0.04908635061234236, 0.04217178238555789, 0.04208794040605426, 0.04136660099029541, 0.04037284504622221, 0.040871384888887405, 0.04145864447578788, 0.039004558604210614, 0.03718396231532097, 0.03709987284615636, 0.036745034344494346, 0.0368558344244957, 0.036511599123477935, 0.03644065003842115, 0.03649480724707246, 0.03625336843542755, 0.03609846659004688, 0.03602968397550285, 0.035991484690457584, 0.035871262066066265, 0.03560551341623068, 0.03560284035280347, 0.035576006248593334, 0.035618985164910556, 0.03557866447605193, 0.035575842186808586, 0.0355507292971015, 0.035559778474271296, 0.03553988505154848, 0.035501119922846554, 0.03551019249483943, 0.03552587450481951, 0.03558013044297695, 0.03549752632156014, 0.03550889221951366, 0.03549404033459723, 0.03548919191583991, 0.035503274947404864, 0.03548920915462077, 0.035520864706486466, 0.035505355736240744, 0.03551572971045971, 0.03548590714111924, 0.035472296765074136, 0.035460464870557186, 0.03550295076332986, 0.03547507906332612, 0.035480735627934336, 0.035521222073584796, 0.03549861328676343], "_timestamp": 1681427868.960113, "_runtime": 5766.140788078308, "_step": 53}