{"train loss": 0.1553589746508063, "valid loss": 0.17585356107779912, "learning rate": 0.0001, "min loss": 0.1586271980587317, "_timestamp": 1692399153.1732187, "_runtime": 3706.6561336517334, "_step": 389}