{"train loss": 4.109755773933566, "valid loss": 4.057408410675672, "learning rate": 0.0001, "min loss": 4.057408410675672, "_timestamp": 1692330079.8747592, "_runtime": 325.88165831565857, "_step": 33}