{"train loss": 1.5164984233525334, "valid loss": 1.6902323742302097, "learning rate": 0.0001, "min loss": 1.625685611549689, "_timestamp": 1692378976.5612178, "_runtime": 10196.650901794434, "_step": 1112}