{
    "grey": [
        [
            0.2549019607843137,
            0.27058823529411763,
            0.25098039215686274
        ],
        [
            0.25098039215686274,
            0.25098039215686274,
            0.25882352941176473
        ],
        [
            0.26666666666666666,
            0.2980392156862745,
            0.29411764705882354
        ],
        [
            0.2235294117647059,
            0.24705882352941178,
            0.23921568627450981
        ],
        [
            0.27450980392156865,
            0.28627450980392155,
            0.2823529411764706
        ],
        [
            0.4235294117647059,
            0.4470588235294118,
            0.4470588235294118
        ],
        [
            0.47058823529411764,
            0.49411764705882355,
            0.49411764705882355
        ],
        [
            0.27450980392156865,
            0.3058823529411765,
            0.30196078431372547
        ],
        [
            0.42745098039215684,
            0.4588235294117647,
            0.4627450980392157
        ],
        [
            0.30196078431372547,
            0.3254901960784314,
            0.3176470588235294
        ]
    ],
    "green": [
        [
            0.00392156862745098,
            0.7137254901960784,
            0.38823529411764707
        ],
        [
            0.043137254901960784,
            0.792156862745098,
            0.4549019607843137
        ],
        [
            0.07058823529411765,
            0.6078431372549019,
            0.2980392156862745
        ],
        [
            0.054901960784313725,
            0.803921568627451,
            0.4666666666666667
        ],
        [
            0.24313725490196078,
            0.9450980392156862,
            0.615686274509804
        ],
        [
            0.027450980392156862,
            0.7294117647058823,
            0.41568627450980394
        ],
        [
            0.0784313725490196,
            0.8,
            0.4627450980392157
        ],
        [
            0.043137254901960784,
            0.8117647058823529,
            0.4745098039215686
        ],
        [
            0.01568627450980392,
            0.41568627450980394,
            0.16862745098039217
        ],
        [
            0.027450980392156862,
            0.7843137254901961,
            0.45098039215686275
        ]
    ],
    "black": [
        [
            0.03137254901960784,
            0.03529411764705882,
            0.0196078431372549
        ],
        [
            0.06666666666666667,
            0.06666666666666667,
            0.043137254901960784
        ],
        [
            0.027450980392156862,
            0.043137254901960784,
            0.023529411764705882
        ],
        [
            0.09019607843137255,
            0.09019607843137255,
            0.07450980392156863
        ],
        [
            0.050980392156862744,
            0.054901960784313725,
            0.03137254901960784
        ],
        [
            0.07058823529411765,
            0.07058823529411765,
            0.047058823529411764
        ],
        [
            0.043137254901960784,
            0.047058823529411764,
            0.023529411764705882
        ],
        [
            0.17647058823529413,
            0.1803921568627451,
            0.16470588235294117
        ],
        [
            0.03529411764705882,
            0.0392156862745098,
            0.023529411764705882
        ],
        [
            0.0784313725490196,
            0.0784313725490196,
            0.06274509803921569
        ]
    ],
    "blue": [
        [
            0.0,
            0.25882352941176473,
            0.592156862745098
        ],
        [
            0.0,
            0.3058823529411765,
            0.6352941176470588
        ],
        [
            0.0,
            0.3058823529411765,
            0.592156862745098
        ],
        [
            0.0,
            0.3176470588235294,
            0.6235294117647059
        ],
        [
            0.0,
            0.2784313725490196,
            0.592156862745098
        ],
        [
            0.0,
            0.30980392156862746,
            0.5882352941176471
        ],
        [
            0.0,
            0.2823529411764706,
            0.6196078431372549
        ],
        [
            0.0,
            0.18823529411764706,
            0.47843137254901963
        ],
        [
            0.00392156862745098,
            0.35294117647058826,
            0.6588235294117647
        ],
        [
            0.0,
            0.33725490196078434,
            0.6470588235294118
        ]
    ],
    "orange": [
        [
            1.0,
            0.4117647058823529,
            0.0
        ],
        [
            0.9803921568627451,
            0.43529411764705883,
            0.0
        ],
        [
            0.9725490196078431,
            0.45098039215686275,
            0.054901960784313725
        ],
        [
            1.0,
            0.47843137254901963,
            0.06274509803921569
        ],
        [
            0.9647058823529412,
            0.4549019607843137,
            0.07058823529411765
        ],
        [
            0.984313725490196,
            0.40784313725490196,
            0.0
        ],
        [
            0.9725490196078431,
            0.3411764705882353,
            0.0
        ],
        [
            0.9647058823529412,
            0.4117647058823529,
            0.03529411764705882
        ],
        [
            0.9803921568627451,
            0.41568627450980394,
            0.011764705882352941
        ],
        [
            1.0,
            0.4745098039215686,
            0.09803921568627451
        ]
    ],
    "red": [
        [
            0.6549019607843137,
            0.07450980392156863,
            0.043137254901960784
        ],
        [
            0.5725490196078431,
            0.054901960784313725,
            0.03529411764705882
        ],
        [
            0.6549019607843137,
            0.10196078431372549,
            0.06274509803921569
        ],
        [
            0.7333333333333333,
            0.10588235294117647,
            0.09019607843137255
        ],
        [
            0.7529411764705882,
            0.11764705882352941,
            0.08627450980392157
        ],
        [
            0.6509803921568628,
            0.08627450980392157,
            0.050980392156862744
        ],
        [
            0.7215686274509804,
            0.09803921568627451,
            0.054901960784313725
        ],
        [
            0.7529411764705882,
            0.10980392156862745,
            0.09019607843137255
        ],
        [
            0.7372549019607844,
            0.10196078431372549,
            0.07058823529411765
        ],
        [
            0.7450980392156863,
            0.10196078431372549,
            0.08235294117647059
        ]
    ],