{"train loss": [0.06794220949523151, 0.054971627974882725, 0.050085750413127246, 0.0462999772047624, 0.04744403576478362, 0.04338683406356722, 0.0413529862370342, 0.04003742517437786, 0.039710182803682985, 0.03973119650501758, 0.038394801006652414, 0.04274037969298661, 0.03697073768824339, 0.036164864702150225, 0.03563633996061981, 0.03536964046536013, 0.03500457847956568, 0.034704696976114065, 0.034564485088922084, 0.034320139046758416, 0.03410217850469053, 0.03394330893643201, 0.03367362905060872, 0.033470571103971454, 0.03306315860245377, 0.032932763840071856, 0.03293505850248039, 0.03289414300583303, 0.03286015761317685, 0.032819883397314696, 0.03283075352432206, 0.03279751652851701, 0.032707025692798194, 0.03272421859204769, 0.032692076519597324], "test loss": [0.08591138299554586, 0.06151819031685591, 0.046553950570523736, 0.047749613504856826, 0.04948733270168305, 0.04450763452798128, 0.041427867487072945, 0.04680351871997118, 0.04612229846417904, 0.04397347493097186, 0.039831250701099635, 0.04007537048310041, 0.03797107703983784, 0.037481829281896355, 0.039115440640598534, 0.036883334517478945, 0.03746177902445197, 0.03689931463450193, 0.03725700715556741, 0.036347281895577906, 0.03615639480762184, 0.03596284244209528, 0.03597688401117921, 0.03597022049129009, 0.03582780594006181, 0.03589628407731652, 0.03567938934080303, 0.0356679387204349, 0.03562479861080647, 0.0355991031229496, 0.03574771886691451, 0.03566723419353366, 0.0355346136726439, 0.03555576791986823, 0.03558683039620519], "_timestamp": 1681427814.663828, "_runtime": 5825.998567819595, "_step": 34}