{"train loss": [0.0665789251960814], "test loss": [0.09956944897770882], "_timestamp": 1681421679.1144683, "_runtime": 138.90176129341125, "_step": 0}